"month","total_orders","total_revenue"
"2022-03","171","101683.84999999998"
"2022-04","49067","2.8838708319999866E7"
"2022-05","42040","2.6226476749999978E7"
"2022-06","37697","2.342580937999996E7"
